{
    "b0_c0": {
        "TFw": -0.45969995856285095
    },
    "b0_c1": {
        "TFw": -0.4605724513530731
    },
    "b0_c2": {
        "TFw": -0.4605724513530731
    },
    "b0_c3": {
        "TFw": 0.800000011920929
    },
    "b1_c0": {
        "TFw": 0.800000011920929
    },
    "b1_c1": {
        "TFw": -0.4605724513530731
    },
    "b1_c2": {
        "TFw": -0.4605724513530731
    },
    "b1_c3": {
        "TFw": -0.4605724513530731
    },
    "a0_c0": {
        "TFw": -0.1528017818927765,
        "TFb": -0.1528017818927765
    },
    "a0_c1": {
        "TFw": -0.06738260388374329,
        "TFb": -0.06738260388374329
    },
    "a0_c2": {
        "TFw": 0.3402627408504486,
        "TFb": 0.3402627408504486
    },
    "a0_c3": {
        "TFw": -0.14454056322574615,
        "TFb": -0.14454056322574615
    },
    "c0_d0": {
        "TFw": 0.5791177153587341
    },
    "c0_d1": {
        "TFw": 0.800000011920929
    },
    "c0_d2": {
        "TFw": -0.3570745587348938
    },
    "c0_d3": {
        "TFw": -0.6274780631065369
    },
    "c1_d0": {
        "TFw": 0.800000011920929
    },
    "c1_d1": {
        "TFw": -0.6581899523735046
    },
    "c1_d2": {
        "TFw": -0.6630594730377197
    },
    "c1_d3": {
        "TFw": -0.6630594730377197
    },
    "c2_d0": {
        "TFw": -0.48672717809677124
    },
    "c2_d1": {
        "TFw": -0.6603337526321411
    },
    "c2_d2": {
        "TFw": -0.1511092633008957
    },
    "c2_d3": {
        "TFw": 0.4824289083480835
    },
    "c3_d0": {
        "TFw": 0.6045678853988647
    },
    "c3_d1": {
        "TFw": 0.800000011920929
    },
    "c3_d2": {
        "TFw": -0.3238106369972229
    },
    "c3_d3": {
        "TFw": -0.6630594730377197
    },
    "a0_d0": {
        "TFw": -0.34384772181510925,
        "TFb": -0.34384772181510925
    },
    "a0_d1": {
        "TFw": 0.06150033697485924,
        "TFb": 0.06150033697485924
    },
    "a0_d2": {
        "TFw": 0.873335599899292,
        "TFb": 0.873335599899292
    },
    "a0_d3": {
        "TFw": 0.49239349365234375,
        "TFb": 0.49239349365234375
    },
    "d0_e0": {
        "TFw": -0.6630594730377197
    },
    "d1_e0": {
        "TFw": -0.6630594730377197
    },
    "d2_e0": {
        "TFw": 0.800000011920929
    },
    "d3_e0": {
        "TFw": 0.800000011920929
    },
    "a0_e0": {
        "TFw": 0.11947578936815262,
        "TFb": 0.11947578936815262
    }
}