{
    "b0_c0": {
        "TFw": -0.2762547731399536
    },
    "b0_c1": {
        "TFw": 0.4626219868659973
    },
    "b0_c2": {
        "TFw": 0.800000011920929
    },
    "b0_c3": {
        "TFw": 0.800000011920929
    },
    "b1_c0": {
        "TFw": -0.4605724513530731
    },
    "b1_c1": {
        "TFw": -0.4605724513530731
    },
    "b1_c2": {
        "TFw": -0.4552888870239258
    },
    "b1_c3": {
        "TFw": 0.7995092868804932
    },
    "a0_c0": {
        "TFw": -0.04060037061572075,
        "TFb": -0.04060037061572075
    },
    "a0_c1": {
        "TFw": -0.07313699275255203,
        "TFb": -0.07313699275255203
    },
    "a0_c2": {
        "TFw": 0.33134961128234863,
        "TFb": 0.33134961128234863
    },
    "a0_c3": {
        "TFw": -0.20902042090892792,
        "TFb": -0.20902042090892792
    },
    "c0_d0": {
        "TFw": -0.6630217432975769
    },
    "c0_d1": {
        "TFw": 0.799989640712738
    },
    "c0_d2": {
        "TFw": 0.5339983701705933
    },
    "c0_d3": {
        "TFw": -0.6630218029022217
    },
    "c1_d0": {
        "TFw": -0.6630594730377197
    },
    "c1_d1": {
        "TFw": 0.7174232006072998
    },
    "c1_d2": {
        "TFw": 0.07799312472343445
    },
    "c1_d3": {
        "TFw": -0.6630594730377197
    },
    "c2_d0": {
        "TFw": 0.800000011920929
    },
    "c2_d1": {
        "TFw": -0.4913504719734192
    },
    "c2_d2": {
        "TFw": 0.800000011920929
    },
    "c2_d3": {
        "TFw": 0.800000011920929
    },
    "c3_d0": {
        "TFw": -0.6613229513168335
    },
    "c3_d1": {
        "TFw": 0.46933817863464355
    },
    "c3_d2": {
        "TFw": -0.6614097356796265
    },
    "c3_d3": {
        "TFw": -0.6613247394561768
    },
    "a0_d0": {
        "TFw": 0.28079748153686523,
        "TFb": 0.28079748153686523
    },
    "a0_d1": {
        "TFw": -0.42659792304039,
        "TFb": -0.42659792304039
    },
    "a0_d2": {
        "TFw": -0.3838768005371094,
        "TFb": -0.3838768005371094
    },
    "a0_d3": {
        "TFw": 0.28079795837402344,
        "TFb": 0.28079795837402344
    },
    "d0_e0": {
        "TFw": 0.800000011920929
    },
    "d1_e0": {
        "TFw": -0.6630594730377197
    },
    "d2_e0": {
        "TFw": 0.5606143474578857
    },
    "d3_e0": {
        "TFw": 0.800000011920929
    },
    "a0_e0": {
        "TFw": -0.540700376033783,
        "TFb": -0.540700376033783
    }
}