{
    "b0_c0": {
        "TFw": -0.4605724513530731
    },
    "b0_c1": {
        "TFw": -0.4605724513530731
    },
    "b0_c2": {
        "TFw": -0.4605724513530731
    },
    "b0_c3": {
        "TFw": 0.800000011920929
    },
    "b1_c0": {
        "TFw": -0.4605724513530731
    },
    "b1_c1": {
        "TFw": -0.4605724513530731
    },
    "b1_c2": {
        "TFw": 0.800000011920929
    },
    "b1_c3": {
        "TFw": -0.4605724513530731
    },
    "a0_c0": {
        "TFw": -0.07514787465333939,
        "TFb": -0.07514787465333939
    },
    "a0_c1": {
        "TFw": 0.3841225504875183,
        "TFb": 0.3841225504875183
    },
    "a0_c2": {
        "TFw": -0.14098308980464935,
        "TFb": -0.14098308980464935
    },
    "a0_c3": {
        "TFw": -0.18342095613479614,
        "TFb": -0.18342095613479614
    },
    "c0_d0": {
        "TFw": -0.08925963193178177
    },
    "c0_d1": {
        "TFw": -0.6630594730377197
    },
    "c0_d2": {
        "TFw": -0.6630594730377197
    },
    "c0_d3": {
        "TFw": 0.800000011920929
    },
    "c1_d0": {
        "TFw": -0.6594783067703247
    },
    "c1_d1": {
        "TFw": 0.7967646718025208
    },
    "c1_d2": {
        "TFw": -0.13513368368148804
    },
    "c1_d3": {
        "TFw": -0.5942001938819885
    },
    "c2_d0": {
        "TFw": 0.800000011920929
    },
    "c2_d1": {
        "TFw": -0.5651656985282898
    },
    "c2_d2": {
        "TFw": 0.7468928694725037
    },
    "c2_d3": {
        "TFw": 0.800000011920929
    },
    "c3_d0": {
        "TFw": 0.7998347878456116
    },
    "c3_d1": {
        "TFw": -0.6629190444946289
    },
    "c3_d2": {
        "TFw": -0.6621691584587097
    },
    "c3_d3": {
        "TFw": -0.17848624289035797
    },
    "a0_d0": {
        "TFw": -0.021148681640625,
        "TFb": -0.021148681640625
    },
    "a0_d1": {
        "TFw": 0.1603316217660904,
        "TFb": 0.1603316217660904
    },
    "a0_d2": {
        "TFw": 0.6367798447608948,
        "TFb": 0.6367798447608948
    },
    "a0_d3": {
        "TFw": -0.09046388417482376,
        "TFb": -0.09046388417482376
    },
    "d0_e0": {
        "TFw": -0.6630594730377197
    },
    "d1_e0": {
        "TFw": 0.800000011920929
    },
    "d2_e0": {
        "TFw": 0.7991739511489868
    },
    "d3_e0": {
        "TFw": -0.6630594730377197
    },
    "a0_e0": {
        "TFw": 0.034061968326568604,
        "TFb": 0.034061968326568604
    }
}