{"mod": [3.866137008740842e-12, 9.43258406721769e-13, -1.6059906527162784e-11, 9.865820723475752e-11, 6.162891951003269e-12], "k_h": [0.1], "w_fct_g": [73625.33174075988, 140273.2933329117, 99100.29649665688, 31260.80839157171, 3889.246588918049], "g_fct_w": [-4.399032714716749e-12, 1.0836106072302133e-08, -9.353834339921359e-06, 0.0036076916322304578, -0.7652430472889846], "g_bounds": [-0.5757155510687109, -0.19899949243243598], "b_fct_w": [6.266604294944429e-26, -1.3622387882214302e-22, 1.1748390295860704e-19, -5.078397379870583e-17, 1.131051103401732e-14, -1.1865908353884825e-12, 4.4342208383252333e-11]}