{"sigmo": [0.7093716023599871, 0.12843616503981475, 9.12281903248604, 0.2836565819666338], "k_h": [2e-10], "w_fct_g": [53531.30117553746, 95062.66192055136, 48073.92714840731, -1454.0574596386598, -4153.401755711711], "g_fct_w": [-6.797906903751917e-13, 2.2629817332748296e-09, -2.472018154920951e-06, 0.0006911555673306908, -0.5971029446037311], "g_bounds": [-0.8288243334786765, -0.549901204904334], "b_fct_w": [2.3968226195082205e-28, -1.1079342395423045e-24, 2.0405430535566514e-21, -1.8833903706031226e-18, 8.816646395393835e-16, -2.1022803953188653e-13, 2.3068319535559858e-11]}