{"mod": [-8.461332249174072e-12, 3.1646795050490885e-11, 1.3558864569053482e-11, 7.599719472903663e-11, -2.2019647760252213e-12], "k_h": [0.1], "w_fct_g": [1019.5272399548951, -7405.8975079988695, 14062.3734765107, -10609.861004850374, 2993.650059747209], "g_fct_w": [1.1216739651918142e-12, -8.048502747898848e-09, 9.800709691874818e-06, -0.004686661356229674, 1.2552994328670388], "g_bounds": [0.38149337934633804, 1.0000000000000002], "b_fct_w": [7.420477621413726e-26, -1.6163769334502318e-22, 1.3967736870471961e-19, -6.044236219195739e-17, 1.3425276689383375e-14, -1.3798018639717951e-12, 4.5769854797900713e-11]}