{"sigmo": [0.7220444211727799, 0.0879960050671189, 7.66413863039079, 0.25995410104138333], "k_h": [2e-10], "w_fct_g": [2482.7806666044717, -3567.997458680214, 2046.3091273536688, 307.9339817356962, 78.30003594621047], "g_fct_w": [2.548756883975713e-13, -5.981332869300646e-10, -1.268022015752926e-07, 0.001432314006308637, -0.07646911948203322], "g_bounds": [0.11510829365431888, 1.0], "b_fct_w": [-1.9481029983039047e-29, 1.0170127213133815e-25, -1.9826887003625043e-22, 1.6024412688197767e-19, -1.1715776886088868e-17, -3.9731616437798344e-14, 1.175357718636821e-12]}